0,0,0,0,0,0,0,0,0,0,0,0,0,0,0,0,23.9544570118357,21.1162196700427,14.203505402914,8.03477966986039,4.01189423282141,6.50913691853245,5.83834323420395,8.72361373107531,6.7072679489577,5.90086041653896,0.749254385544974,2.14645744430067,-2.06482697232803,0,0,0,0,0,0,0,0,0,0,0,0,0,0,0,0,0,0,0,0,0,0,0,0,0,0,0,0,0,0,0,0,0,0,0,0,0,0,0,0,0,0,0,0,0,0,0,0,0,0,0,0,0,0,0,0,0,0,0,0,0,0,0,0,0,0,0,0,0,0,0,0,0,0,0,0,0,0,0,0,0,0,0,0,0,0,0,0,0,0,0,0,0,0,0,0,0,0
0,0,0,0,0,0,0,0,0,0,0,0,0,0,0,0,22.6562677349043,20.6775614012012,14.8164852659663,9.77539405910344,6.74570249158723,7.83266622202967,8.26160367494003,9.36202439667173,7.04488351139992,6.80911098610748,3.10002867521958,2.06459216529813,-0.624807229171251,-2.87033307604994,0,0,0,0,0,0,0,0,0,0,0,0,0,0,0,0,0,0,0,0,0,0,0,0,0,0,0,0,0,0,0,0,0,0,0,0,0,0,0,0,0,0,0,0,0,0,0,0,0,0,0,0,0,0,0,0,0,0,0,0,0,0,0,0,0,0,0,0,0,0,0,0,0,0,0,0,0,0,0,0,0,0,0,0,0,0,0,0,0,0,0,0,0,0,0,0,0
0,0,0,0,0,0,0,0,0,0,0,0,0,0,0,0,17.1962340059575,20.6906579707341,16.0308586136893,10.5475721736304,6.32570720492802,6.43578009461442,7.38259949902933,10.0335127378744,8.27145213815386,6.9840136778381,2.8274547769974,0.8212628856396,-0.398372312367147,3.71853949016925,0,0,0,0,0,0,0,0,0,0,0,0,0,0,0,0,0,0,0,0,0,0,0,0,0,0,0,0,0,0,0,0,0,0,0,0,0,0,0,0,0,0,0,0,0,0,0,0,0,0,0,0,0,0,0,0,0,0,0,0,0,0,0,0,0,0,0,0,0,0,0,0,0,0,0,0,0,0,0,0,0,0,0,0,0,0,0,0,0,0,0,0,0,0,0,0,0
0,0,0,0,0,0,0,0,0,0,0,0,0,0,0,0,20.0369494319087,19.6178969286862,17.5965158855657,9.80887664410418,6.40470938907245,6.95751528496429,8.69018971766036,8.90639572557718,8.59673654662223,6.41612361764936,3.32709728594165,0.0840851159447507,-0.363067233137156,3.23242778495491,0,0,0,0,0,0,0,0,0,0,0,0,0,0,0,0,0,0,0,0,0,0,0,0,0,0,0,0,0,0,0,0,0,0,0,0,0,0,0,0,0,0,0,0,0,0,0,0,0,0,0,0,0,0,0,0,0,0,0,0,0,0,0,0,0,0,0,0,0,0,0,0,0,0,0,0,0,0,0,0,0,0,0,0,0,0,0,0,0,0,0,0,0,0,0,0,0
0,0,0,0,0,0,0,0,0,0,0,0,0,0,0,0,21.0751044759065,17.1795892260442,15.5005893481299,9.71775839462263,8.39225313605306,7.10282557974135,9.05118946076296,8.65038573763817,7.92919169196278,7.02501721450661,4.2960973677192,1.33547484284488,0.894679617904699,-0.104905662911061,0,0,0,0,0,0,0,0,0,0,0,0,0,0,0,0,0,0,0,0,0,0,0,0,0,0,0,0,0,0,0,0,0,0,0,0,0,0,0,0,0,0,0,0,0,0,0,0,0,0,0,0,0,0,0,0,0,0,0,0,0,0,0,0,0,0,0,0,0,0,0,0,0,0,0,0,0,0,0,0,0,0,0,0,0,0,0,0,0,0,0,0,0,0,0,0,0
0,0,0,0,0,0,0,0,0,0,0,0,0,0,0,0,19.0995201393534,16.6255887057008,15.7197038017452,8.83186921135801,6.51671989166781,5.31143850631642,8.80444291968762,8.95320967293003,7.41433551168659,5.30376574850299,4.33895146072103,0.710840629532552,0.683307569452972,12.2222353364648,0,0,0,0,0,0,0,0,0,0,0,0,0,0,0,0,0,0,0,0,0,0,0,0,0,0,0,0,0,0,0,0,0,0,0,0,0,0,0,0,0,0,0,0,0,0,0,0,0,0,0,0,0,0,0,0,0,0,0,0,0,0,0,0,0,0,0,0,0,0,0,0,0,0,0,0,0,0,0,0,0,0,0,0,0,0,0,0,0,0,0,0,0,0,0,0,0
0,0,0,0,0,0,0,0,0,0,0,0,0,0,0,0,17.9241009082918,15.1348615445002,15.9156268557833,8.9290127489049,6.53365384422929,6.96130372575879,7.50827105200768,9.48582450534635,8.40260618742481,5.32860091998889,3.31067634693157,0.344249515816681,-1.07960836725326,0.749591395652087,0,0,0,0,0,0,0,0,0,0,0,0,0,0,0,0,0,0,0,0,0,0,0,0,0,0,0,0,0,0,0,0,0,0,0,0,0,0,0,0,0,0,0,0,0,0,0,0,0,0,0,0,0,0,0,0,0,0,0,0,0,0,0,0,0,0,0,0,0,0,0,0,0,0,0,0,0,0,0,0,0,0,0,0,0,0,0,0,0,0,0,0,0,0,0,0,0
0,0,0,0,0,0,0,0,0,0,0,0,0,0,0,0,17.5821978066166,14.6176397592026,14.1730831827247,9.35320764991398,7.91926533644778,7.60244038798661,8.40418159871379,8.07259634914779,7.15914381691024,5.90814097087994,2.98971681802592,1.11282765534582,-0.651792189635778,-4.61486834561621,0,0,0,0,0,0,0,0,0,0,0,0,0,0,0,0,0,0,0,0,0,0,0,0,0,0,0,0,0,0,0,0,0,0,0,0,0,0,0,0,0,0,0,0,0,0,0,0,0,0,0,0,0,0,0,0,0,0,0,0,0,0,0,0,0,0,0,0,0,0,0,0,0,0,0,0,0,0,0,0,0,0,0,0,0,0,0,0,0,0,0,0,0,0,0,0,0
0,0,0,0,0,0,0,0,0,0,0,0,0,0,0,0,18.504724895216,14.0116306841124,13.1382786830625,8.36908602133795,7.88619965582426,6.75570583701169,6.59574460377966,8.37454059223643,7.28262693529382,7.05817123074044,2.62204352747997,0.547975230602556,-2.11577570125722,-1.96821406183669,0,0,0,0,0,0,0,0,0,0,0,0,0,0,0,0,0,0,0,0,0,0,0,0,0,0,0,0,0,0,0,0,0,0,0,0,0,0,0,0,0,0,0,0,0,0,0,0,0,0,0,0,0,0,0,0,0,0,0,0,0,0,0,0,0,0,0,0,0,0,0,0,0,0,0,0,0,0,0,0,0,0,0,0,0,0,0,0,0,0,0,0,0,0,0,0,0
0,0,0,0,0,0,0,0,0,0,0,0,0,0,0,0,15.6808630032426,13.1127107230965,12.6229589696799,8.07370492187563,7.67664769103887,6.71743508728722,6.71338902139135,7.72802975925344,7.90470144322472,7.19224057758938,2.7256606760742,1.53082713847542,-1.6281584650192,-6.9182765319073,0,0,0,0,0,0,0,0,0,0,0,0,0,0,0,0,0,0,0,0,0,0,0,0,0,0,0,0,0,0,0,0,0,0,0,0,0,0,0,0,0,0,0,0,0,0,0,0,0,0,0,0,0,0,0,0,0,0,0,0,0,0,0,0,0,0,0,0,0,0,0,0,0,0,0,0,0,0,0,0,0,0,0,0,0,0,0,0,0,0,0,0,0,0,0,0,0
0,0,0,0,0,0,0,0,0,0,0,0,0,0,0,0,13.8777900989794,12.4106120807029,11.9410525175374,8.40755970764054,6.79157073889844,6.11911604739529,8.06191834492788,7.53040928112588,6.90573776952819,6.62959759852258,4.13828655007185,2.0726932410716,-1.48204896725209,5.80411059678562,0,0,0,0,0,0,0,0,0,0,0,0,0,0,0,0,0,0,0,0,0,0,0,0,0,0,0,0,0,0,0,0,0,0,0,0,0,0,0,0,0,0,0,0,0,0,0,0,0,0,0,0,0,0,0,0,0,0,0,0,0,0,0,0,0,0,0,0,0,0,0,0,0,0,0,0,0,0,0,0,0,0,0,0,0,0,0,0,0,0,0,0,0,0,0,0,0
0,0,0,0,0,0,0,0,0,0,0,0,0,0,0,0,13.618794379557,10.7506650047691,11.896717756353,8.61407662354823,7.49212496888032,6.96982844023413,7.84711994196041,7.77612700723527,7.69208376963517,5.74705848407088,3.31964099120077,0.181091781723036,-0.776473584368493,6.47566639267793,0,0,0,0,0,0,0,0,0,0,0,0,0,0,0,0,0,0,0,0,0,0,0,0,0,0,0,0,0,0,0,0,0,0,0,0,0,0,0,0,0,0,0,0,0,0,0,0,0,0,0,0,0,0,0,0,0,0,0,0,0,0,0,0,0,0,0,0,0,0,0,0,0,0,0,0,0,0,0,0,0,0,0,0,0,0,0,0,0,0,0,0,0,0,0,0,0
0,0,0,0,0,0,0,0,0,0,0,0,0,0,0,0,11.8521777011026,10.4057150140064,10.987136842084,9.72619956709729,7.13333840434891,6.3014079815363,7.14168271921288,7.98750197347624,6.53721911928384,4.51494812803357,2.74708294001432,1.50881756525502,1.80811972386848,-6.35424312822807,0,0,0,0,0,0,0,0,0,0,0,0,0,0,0,0,0,0,0,0,0,0,0,0,0,0,0,0,0,0,0,0,0,0,0,0,0,0,0,0,0,0,0,0,0,0,0,0,0,0,0,0,0,0,0,0,0,0,0,0,0,0,0,0,0,0,0,0,0,0,0,0,0,0,0,0,0,0,0,0,0,0,0,0,0,0,0,0,0,0,0,0,0,0,0,0,0
0,0,0,0,0,0,0,0,0,0,0,0,0,0,0,0,11.5198988725102,9.44339741885348,11.0946156460813,8.10564033480902,7.37895440627142,7.1859450208016,6.37110223500656,8.02084917414984,6.08600923033184,5.05077249731298,4.35898644757041,1.90417073775721,0.587347663605409,-3.7388904726861,0,0,0,0,0,0,0,0,0,0,0,0,0,0,0,0,0,0,0,0,0,0,0,0,0,0,0,0,0,0,0,0,0,0,0,0,0,0,0,0,0,0,0,0,0,0,0,0,0,0,0,0,0,0,0,0,0,0,0,0,0,0,0,0,0,0,0,0,0,0,0,0,0,0,0,0,0,0,0,0,0,0,0,0,0,0,0,0,0,0,0,0,0,0,0,0,0
0,0,0,0,0,0,0,0,0,0,0,0,0,0,0,0,9.68792078085972,9.82585280436152,11.4485704204215,9.10732337131669,6.73610723305257,5.09591883219908,8.24381815883404,9.26922914395298,6.94061259792947,5.23805476755463,3.03660237985785,2.31247078677899,0.837522772344484,-1.04691196659321,0,0,0,0,0,0,0,0,0,0,0,0,0,0,0,0,0,0,0,0,0,0,0,0,0,0,0,0,0,0,0,0,0,0,0,0,0,0,0,0,0,0,0,0,0,0,0,0,0,0,0,0,0,0,0,0,0,0,0,0,0,0,0,0,0,0,0,0,0,0,0,0,0,0,0,0,0,0,0,0,0,0,0,0,0,0,0,0,0,0,0,0,0,0,0,0,0
0,0,0,0,0,0,0,0,0,0,0,0,0,0,0,0,10.8297600175344,7.94073992580305,9.05007969904262,8.32927050442292,6.60466141495921,7.01646030575188,6.61647480581237,6.78516221906449,6.71985937354869,5.2707920563505,3.76194762703462,2.26405419273641,0.883108424912985,-2.18017431245215,0,0,0,0,0,0,0,0,0,0,0,0,0,0,0,0,0,0,0,0,0,0,0,0,0,0,0,0,0,0,0,0,0,0,0,0,0,0,0,0,0,0,0,0,0,0,0,0,0,0,0,0,0,0,0,0,0,0,0,0,0,0,0,0,0,0,0,0,0,0,0,0,0,0,0,0,0,0,0,0,0,0,0,0,0,0,0,0,0,0,0,0,0,0,0,0,0
0,0,0,0,0,0,0,0,0,0,0,0,0,0,0,0,11.2271491697765,8.63123586261354,9.81856722372875,8.08367161241336,6.65378217477389,6.6478835575237,6.58980106035668,8.23379925057948,7.5404156551398,6.81659960093617,3.29565352033026,2.18670102822916,0.409608898091734,1.98743018143219,0,0,0,0,0,0,0,0,0,0,0,0,0,0,0,0,0,0,0,0,0,0,0,0,0,0,0,0,0,0,0,0,0,0,0,0,0,0,0,0,0,0,0,0,0,0,0,0,0,0,0,0,0,0,0,0,0,0,0,0,0,0,0,0,0,0,0,0,0,0,0,0,0,0,0,0,0,0,0,0,0,0,0,0,0,0,0,0,0,0,0,0,0,0,0,0,0
0,0,0,0,0,0,0,0,0,0,0,0,0,0,0,0,10.0574943413942,7.90301415427626,9.82903153609272,8.2089025543902,7.13741664819959,6.6502952921689,7.51012028416042,7.95743246886324,5.79301144347672,6.14054629240435,4.97776384732072,3.48785325738144,-1.15184286907435,4.27513147858517,0,0,0,0,0,0,0,0,0,0,0,0,0,0,0,0,0,0,0,0,0,0,0,0,0,0,0,0,0,0,0,0,0,0,0,0,0,0,0,0,0,0,0,0,0,0,0,0,0,0,0,0,0,0,0,0,0,0,0,0,0,0,0,0,0,0,0,0,0,0,0,0,0,0,0,0,0,0,0,0,0,0,0,0,0,0,0,0,0,0,0,0,0,0,0,0,0
0,0,0,0,0,0,0,0,0,0,0,0,0,0,0,0,9.37459883878285,7.73305765947085,8.42161282020308,8.33090451590212,7.54608101756016,7.25515101623007,6.35916450646031,6.7635648666845,6.99447595000876,6.61726725320312,4.28915955627939,3.31628636966686,1.34273817998762,2.08271346144389,0,0,0,0,0,0,0,0,0,0,0,0,0,0,0,0,0,0,0,0,0,0,0,0,0,0,0,0,0,0,0,0,0,0,0,0,0,0,0,0,0,0,0,0,0,0,0,0,0,0,0,0,0,0,0,0,0,0,0,0,0,0,0,0,0,0,0,0,0,0,0,0,0,0,0,0,0,0,0,0,0,0,0,0,0,0,0,0,0,0,0,0,0,0,0,0,0
0,0,0,0,0,0,0,0,0,0,0,0,0,0,0,0,6.05255550450144,7.17310964595886,9.00423639382096,6.28424282538101,6.96401477453741,6.8117976305032,7.17496567314103,6.21418632248784,6.29841771578658,6.53798184337933,3.88707256895125,3.82225248604544,1.75528548083149,1.88800059677603,0,0,0,0,0,0,0,0,0,0,0,0,0,0,0,0,0,0,0,0,0,0,0,0,0,0,0,0,0,0,0,0,0,0,0,0,0,0,0,0,0,0,0,0,0,0,0,0,0,0,0,0,0,0,0,0,0,0,0,0,0,0,0,0,0,0,0,0,0,0,0,0,0,0,0,0,0,0,0,0,0,0,0,0,0,0,0,0,0,0,0,0,0,0,0,0,0
0,0,0,0,0,0,0,0,0,0,0,0,0,0,0,0,6.47426420252044,6.08361386319095,7.09281668249891,8.50972437243428,7.83083598702777,7.67127097903377,6.79583948565451,7.35607497321043,7.66679224135698,6.6057638552997,6.12643895565173,1.54534375707824,2.20314838596395,-5.05900997121613,0,0,0,0,0,0,0,0,0,0,0,0,0,0,0,0,0,0,0,0,0,0,0,0,0,0,0,0,0,0,0,0,0,0,0,0,0,0,0,0,0,0,0,0,0,0,0,0,0,0,0,0,0,0,0,0,0,0,0,0,0,0,0,0,0,0,0,0,0,0,0,0,0,0,0,0,0,0,0,0,0,0,0,0,0,0,0,0,0,0,0,0,0,0,0,0,0
0,0,0,0,0,0,0,0,0,0,0,0,0,0,0,0,5.75896690693199,5.82046773067451,7.72967934383765,6.68956241098422,7.19112777573611,6.69968902665368,6.81396120057051,6.77350038098194,5.79627299203488,6.34847774167389,5.26087851159458,3.29003418345779,0.754356998796561,4.15358136951456,0,0,0,0,0,0,0,0,0,0,0,0,0,0,0,0,0,0,0,0,0,0,0,0,0,0,0,0,0,0,0,0,0,0,0,0,0,0,0,0,0,0,0,0,0,0,0,0,0,0,0,0,0,0,0,0,0,0,0,0,0,0,0,0,0,0,0,0,0,0,0,0,0,0,0,0,0,0,0,0,0,0,0,0,0,0,0,0,0,0,0,0,0,0,0,0,0
0,0,0,0,0,0,0,0,0,0,0,0,0,0,0,0,6.87755793006792,6.39661333864984,6.88798569250521,6.96329271801813,8.24026320421907,7.29624192067666,7.18583032108503,6.11337974469847,7.28882018024535,6.53918660198084,4.15692412781194,3.69839875684647,2.4870159180272,-0.289011191610749,0,0,0,0,0,0,0,0,0,0,0,0,0,0,0,0,0,0,0,0,0,0,0,0,0,0,0,0,0,0,0,0,0,0,0,0,0,0,0,0,0,0,0,0,0,0,0,0,0,0,0,0,0,0,0,0,0,0,0,0,0,0,0,0,0,0,0,0,0,0,0,0,0,0,0,0,0,0,0,0,0,0,0,0,0,0,0,0,0,0,0,0,0,0,0,0,0
0,0,0,0,0,0,0,0,0,0,0,0,0,0,0,0,5.24357485140015,5.35542550680538,6.29207718185208,6.04850286184313,6.8478534959573,6.25234834982595,5.72104620597432,6.39534171064928,7.18726664874241,6.37714565936755,7.05755077774322,3.94679326596797,2.15909288176549,-4.64218914621682,0,0,0,0,0,0,0,0,0,0,0,0,0,0,0,0,0,0,0,0,0,0,0,0,0,0,0,0,0,0,0,0,0,0,0,0,0,0,0,0,0,0,0,0,0,0,0,0,0,0,0,0,0,0,0,0,0,0,0,0,0,0,0,0,0,0,0,0,0,0,0,0,0,0,0,0,0,0,0,0,0,0,0,0,0,0,0,0,0,0,0,0,0,0,0,0,0
0,0,0,0,0,0,0,0,0,0,0,0,0,0,0,0,5.32860180957801,5.64397429958596,5.8491547811385,6.84134677648799,6.35163415985919,5.97406182690635,6.14365594322619,6.04480594339756,6.40279968298436,6.50986428335278,6.06798493581209,4.80314802272804,4.43440871048274,-4.51071634666436,0,0,0,0,0,0,0,0,0,0,0,0,0,0,0,0,0,0,0,0,0,0,0,0,0,0,0,0,0,0,0,0,0,0,0,0,0,0,0,0,0,0,0,0,0,0,0,0,0,0,0,0,0,0,0,0,0,0,0,0,0,0,0,0,0,0,0,0,0,0,0,0,0,0,0,0,0,0,0,0,0,0,0,0,0,0,0,0,0,0,0,0,0,0,0,0,0
0,0,0,0,0,0,0,0,0,0,0,0,0,0,0,0,5.94926517863726,5.71891932349883,6.14477413165861,5.02206355695686,7.4295537920867,6.77779596060234,6.13665222902228,6.48507965385514,5.71758778527036,6.57028744640997,5.62969251212997,4.58407160165354,3.98520397619538,-4.38280928880257,0,0,0,0,0,0,0,0,0,0,0,0,0,0,0,0,0,0,0,0,0,0,0,0,0,0,0,0,0,0,0,0,0,0,0,0,0,0,0,0,0,0,0,0,0,0,0,0,0,0,0,0,0,0,0,0,0,0,0,0,0,0,0,0,0,0,0,0,0,0,0,0,0,0,0,0,0,0,0,0,0,0,0,0,0,0,0,0,0,0,0,0,0,0,0,0,0
0,0,0,0,0,0,0,0,0,0,0,0,0,0,0,0,5.12992723210567,4.35590131162428,5.56634654224135,5.98733503155331,6.48199141329486,4.60515674497889,6.44178574525965,4.85876880774923,6.64526527069907,7.5840376788666,5.15714653062533,4.63939713584366,1.56951465537802,1.48576268497011,0,0,0,0,0,0,0,0,0,0,0,0,0,0,0,0,0,0,0,0,0,0,0,0,0,0,0,0,0,0,0,0,0,0,0,0,0,0,0,0,0,0,0,0,0,0,0,0,0,0,0,0,0,0,0,0,0,0,0,0,0,0,0,0,0,0,0,0,0,0,0,0,0,0,0,0,0,0,0,0,0,0,0,0,0,0,0,0,0,0,0,0,0,0,0,0,0
0,0,0,0,0,0,0,0,0,0,0,0,0,0,0,0,4.7802943910587,3.99711686402958,5.48474158315651,5.76332411864128,5.76880009123701,5.80024579795857,5.77283093468979,5.71463173259578,5.53015675731117,5.33605109197316,5.05518501106241,5.41430680695815,1.46860951904127,8.80853121731958,0,0,0,0,0,0,0,0,0,0,0,0,0,0,0,0,0,0,0,0,0,0,0,0,0,0,0,0,0,0,0,0,0,0,0,0,0,0,0,0,0,0,0,0,0,0,0,0,0,0,0,0,0,0,0,0,0,0,0,0,0,0,0,0,0,0,0,0,0,0,0,0,0,0,0,0,0,0,0,0,0,0,0,0,0,0,0,0,0,0,0,0,0,0,0,0,0
0,0,0,0,0,0,0,0,0,0,0,0,0,0,0,0,4.2209409715384,5.1425758772198,5.87977516798047,5.25289218439464,5.95932376118267,4.74352120427638,5.43536084882903,6.4620482861335,5.94459111553303,6.85791165352388,4.62438283312668,4.11630616339267,4.60465478093849,3.47612033554266,0,0,0,0,0,0,0,0,0,0,0,0,0,0,0,0,0,0,0,0,0,0,0,0,0,0,0,0,0,0,0,0,0,0,0,0,0,0,0,0,0,0,0,0,0,0,0,0,0,0,0,0,0,0,0,0,0,0,0,0,0,0,0,0,0,0,0,0,0,0,0,0,0,0,0,0,0,0,0,0,0,0,0,0,0,0,0,0,0,0,0,0,0,0,0,0,0
0,0,0,0,0,0,0,0,0,0,0,0,0,0,0,0,2.71548290991024,3.972827392245,4.70718535792586,4.21292995460983,7.15996392014005,5.83605180691793,5.4582393221709,5.28372127320022,4.87600315203968,5.12276935123964,5.61178656587651,6.41392072620016,1.62204997443144,-1.21159974565455,0,0,0,0,0,0,0,0,0,0,0,0,0,0,0,0,0,0,0,0,0,0,0,0,0,0,0,0,0,0,0,0,0,0,0,0,0,0,0,0,0,0,0,0,0,0,0,0,0,0,0,0,0,0,0,0,0,0,0,0,0,0,0,0,0,0,0,0,0,0,0,0,0,0,0,0,0,0,0,0,0,0,0,0,0,0,0,0,0,0,0,0,0,0,0,0,0
0,0,0,0,0,0,0,0,0,0,0,0,0,0,0,0,2.96164993674537,4.57238843665479,4.17214622444245,5.07530338770126,6.218275958433,5.11347798204985,5.25182755112712,5.50523207256505,5.97393634214315,5.42080698828353,3.93216345289246,3.87165811708328,1.34904459072935,-0.204911509946447,0,0,0,0,0,0,0,0,0,0,0,0,0,0,0,0,0,0,0,0,0,0,0,0,0,0,0,0,0,0,0,0,0,0,0,0,0,0,0,0,0,0,0,0,0,0,0,0,0,0,0,0,0,0,0,0,0,0,0,0,0,0,0,0,0,0,0,0,0,0,0,0,0,0,0,0,0,0,0,0,0,0,0,0,0,0,0,0,0,0,0,0,0,0,0,0,0
0,0,0,0,0,0,0,0,0,0,0,0,0,0,0,0,2.63924522656243,2.95545607888109,3.81522146212937,3.75880128992048,5.39166418593038,5.39044260427854,5.04302713536902,3.59657050112096,5.54770588776727,5.96477831926345,4.62051821391093,2.82249197765288,2.57935570269711,15.02412448679,0,0,0,0,0,0,0,0,0,0,0,0,0,0,0,0,0,0,0,0,0,0,0,0,0,0,0,0,0,0,0,0,0,0,0,0,0,0,0,0,0,0,0,0,0,0,0,0,0,0,0,0,0,0,0,0,0,0,0,0,0,0,0,0,0,0,0,0,0,0,0,0,0,0,0,0,0,0,0,0,0,0,0,0,0,0,0,0,0,0,0,0,0,0,0,0,0
0,0,0,0,0,0,0,0,0,0,0,0,0,0,0,0,2.38933698602856,2.53978346986441,2.91988535027656,4.38126521646295,4.35517613792012,3.6251626209032,3.71131273945767,4.40395950452637,4.8715318189407,5.69239022270666,5.50690089181617,4.07418545832607,1.55818792836177,0.571123854244533,0,0,0,0,0,0,0,0,0,0,0,0,0,0,0,0,0,0,0,0,0,0,0,0,0,0,0,0,0,0,0,0,0,0,0,0,0,0,0,0,0,0,0,0,0,0,0,0,0,0,0,0,0,0,0,0,0,0,0,0,0,0,0,0,0,0,0,0,0,0,0,0,0,0,0,0,0,0,0,0,0,0,0,0,0,0,0,0,0,0,0,0,0,0,0,0,0
0,0,0,0,0,0,0,0,0,0,0,0,0,0,0,0,1.72778110482766,2.74976858741024,2.85405203244205,4.07351010576025,5.38927303059077,3.90575331445941,4.86404610717324,3.81932788419999,4.22839245078131,3.14916201929554,5.55493724811246,4.9457181279039,0.918397842666737,4.7750789352469,0,0,0,0,0,0,0,0,0,0,0,0,0,0,0,0,0,0,0,0,0,0,0,0,0,0,0,0,0,0,0,0,0,0,0,0,0,0,0,0,0,0,0,0,0,0,0,0,0,0,0,0,0,0,0,0,0,0,0,0,0,0,0,0,0,0,0,0,0,0,0,0,0,0,0,0,0,0,0,0,0,0,0,0,0,0,0,0,0,0,0,0,0,0,0,0,0
0,0,0,0,0,0,0,0,0,0,0,0,0,0,0,0,1.86744661120269,2.50097252240215,2.13264591177497,3.71136777005264,4.75344116527867,4.02838829392335,4.0764862902131,3.98496576111538,4.22921775323948,3.59758014442726,5.28276519775035,4.81836379975974,2.32507557840049,1.29095180005729,0,0,0,0,0,0,0,0,0,0,0,0,0,0,0,0,0,0,0,0,0,0,0,0,0,0,0,0,0,0,0,0,0,0,0,0,0,0,0,0,0,0,0,0,0,0,0,0,0,0,0,0,0,0,0,0,0,0,0,0,0,0,0,0,0,0,0,0,0,0,0,0,0,0,0,0,0,0,0,0,0,0,0,0,0,0,0,0,0,0,0,0,0,0,0,0,0
0,0,0,0,0,0,0,0,0,0,0,0,0,0,0,0,2.03262221486135,1.88908399070426,1.7437811935288,3.85409541421708,3.72883922395089,3.83444284755765,3.1653368456556,3.60622697339923,2.86119118900737,2.78766159799008,4.84290802480294,3.69720295926221,2.93452197623873,7.65646802497531,0,0,0,0,0,0,0,0,0,0,0,0,0,0,0,0,0,0,0,0,0,0,0,0,0,0,0,0,0,0,0,0,0,0,0,0,0,0,0,0,0,0,0,0,0,0,0,0,0,0,0,0,0,0,0,0,0,0,0,0,0,0,0,0,0,0,0,0,0,0,0,0,0,0,0,0,0,0,0,0,0,0,0,0,0,0,0,0,0,0,0,0,0,0,0,0,0
0,0,0,0,0,0,0,0,0,0,0,0,0,0,0,0,0.743204712266054,1.51899511218759,1.67908840262821,3.26019952953444,4.05683517264241,3.66739775906756,3.72248613215419,3.34214168684085,2.1740242721084,3.91901537153,3.87837416458843,2.65085321962417,1.97198289306537,0.159942654912001,0,0,0,0,0,0,0,0,0,0,0,0,0,0,0,0,0,0,0,0,0,0,0,0,0,0,0,0,0,0,0,0,0,0,0,0,0,0,0,0,0,0,0,0,0,0,0,0,0,0,0,0,0,0,0,0,0,0,0,0,0,0,0,0,0,0,0,0,0,0,0,0,0,0,0,0,0,0,0,0,0,0,0,0,0,0,0,0,0,0,0,0,0,0,0,0,0
0,0,0,0,0,0,0,0,0,0,0,0,0,0,0,0,2.14421437669717,1.51018078891881,1.88949842495325,2.3732027869103,3.31274708814281,2.92009358117237,2.67247696892241,3.21547180001748,3.18757508623389,4.04111662373653,3.6710841647284,4.47400589437374,1.87845954115077,2.44503240215568,0,0,0,0,0,0,0,0,0,0,0,0,0,0,0,0,0,0,0,0,0,0,0,0,0,0,0,0,0,0,0,0,0,0,0,0,0,0,0,0,0,0,0,0,0,0,0,0,0,0,0,0,0,0,0,0,0,0,0,0,0,0,0,0,0,0,0,0,0,0,0,0,0,0,0,0,0,0,0,0,0,0,0,0,0,0,0,0,0,0,0,0,0,0,0,0,0
0,0,0,0,0,0,0,0,0,0,0,0,0,0,0,0,1.79061278855882,0.611859359107203,1.31431631474929,2.27524819774669,2.17136635982849,1.91922925214328,2.52245891224061,2.32569225817496,2.86948879636677,3.4398023142551,4.22424447576691,4.33636546619592,3.37189731111434,8.01053348171569,0,0,0,0,0,0,0,0,0,0,0,0,0,0,0,0,0,0,0,0,0,0,0,0,0,0,0,0,0,0,0,0,0,0,0,0,0,0,0,0,0,0,0,0,0,0,0,0,0,0,0,0,0,0,0,0,0,0,0,0,0,0,0,0,0,0,0,0,0,0,0,0,0,0,0,0,0,0,0,0,0,0,0,0,0,0,0,0,0,0,0,0,0,0,0,0,0
0,0,0,0,0,0,0,0,0,0,0,0,0,0,0,0,2.37596365325352,0.59739111749487,1.57233523112818,2.41624119518891,2.53094664159871,3.51936758080046,2.55563055986291,2.30926809088635,2.70212219891567,3.41210053833044,3.19512544634446,3.66803519789616,2.70603699656355,-2.9168344765369,0,0,0,0,0,0,0,0,0,0,0,0,0,0,0,0,0,0,0,0,0,0,0,0,0,0,0,0,0,0,0,0,0,0,0,0,0,0,0,0,0,0,0,0,0,0,0,0,0,0,0,0,0,0,0,0,0,0,0,0,0,0,0,0,0,0,0,0,0,0,0,0,0,0,0,0,0,0,0,0,0,0,0,0,0,0,0,0,0,0,0,0,0,0,0,0,0
0,0,0,0,0,0,0,0,0,0,0,0,0,0,0,0,1.47065124976804,1.41077173501189,1.30743821639934,2.22339071632455,3.14403749012967,3.76225342574057,2.50514212506206,2.46535977244679,2.68808005468984,2.38632079427986,3.68144183318866,3.88969940647128,2.15879123921095,0,0,0,0,0,0,0,0,0,0,0,0,0,0,0,0,0,0,0,0,0,0,0,0,0,0,0,0,0,0,0,0,0,0,0,0,0,0,0,0,0,0,0,0,0,0,0,0,0,0,0,0,0,0,0,0,0,0,0,0,0,0,0,0,0,0,0,0,0,0,0,0,0,0,0,0,0,0,0,0,0,0,0,0,0,0,0,0,0,0,0,0,0,0,0,0,0,0
0,0,0,0,0,0,0,0,0,0,0,0,0,0,0,0,0.551536692954736,0.572494822966819,1.43254319722421,2.36532532258477,3.1969387162779,2.90043678109668,2.99966391722059,2.00733188091552,2.40429351484554,2.3479068486258,3.61069068639407,5.57360225891608,1.85059060430481,0.472994109825751,0,0,0,0,0,0,0,0,0,0,0,0,0,0,0,0,0,0,0,0,0,0,0,0,0,0,0,0,0,0,0,0,0,0,0,0,0,0,0,0,0,0,0,0,0,0,0,0,0,0,0,0,0,0,0,0,0,0,0,0,0,0,0,0,0,0,0,0,0,0,0,0,0,0,0,0,0,0,0,0,0,0,0,0,0,0,0,0,0,0,0,0,0,0,0,0,0
0,0,0,0,0,0,0,0,0,0,0,0,0,0,0,0,1.24791531485263,0.960660103689597,1.06973998092804,1.84185515221472,2.91502537393091,2.99632181035636,1.69291598478287,2.56884450982883,2.52059841359525,2.73972355387177,2.48785093253239,3.42358147673901,2.11241306286106,2.41910861615546,0,0,0,0,0,0,0,0,0,0,0,0,0,0,0,0,0,0,0,0,0,0,0,0,0,0,0,0,0,0,0,0,0,0,0,0,0,0,0,0,0,0,0,0,0,0,0,0,0,0,0,0,0,0,0,0,0,0,0,0,0,0,0,0,0,0,0,0,0,0,0,0,0,0,0,0,0,0,0,0,0,0,0,0,0,0,0,0,0,0,0,0,0,0,0,0,0
0,0,0,0,0,0,0,0,0,0,0,0,0,0,0,0,0.874277941813112,0.539089707769827,1.75617305863171,2.02105816163156,2.52412631568745,2.71329540967944,1.9188156706512,2.40078542447135,1.96396829477293,2.58481873083816,4.8685661120807,4.3280490780778,3.71885482074796,-2.59165242378601,0,0,0,0,0,0,0,0,0,0,0,0,0,0,0,0,0,0,0,0,0,0,0,0,0,0,0,0,0,0,0,0,0,0,0,0,0,0,0,0,0,0,0,0,0,0,0,0,0,0,0,0,0,0,0,0,0,0,0,0,0,0,0,0,0,0,0,0,0,0,0,0,0,0,0,0,0,0,0,0,0,0,0,0,0,0,0,0,0,0,0,0,0,0,0,0,0
0,0,0,0,0,0,0,0,0,0,0,0,0,0,0,0,1.10724578343331,0.716245550666912,1.06216999074868,1.70695701652694,2.06944047753376,1.79123735386062,2.3800934097561,2.00269851373976,1.7156407377514,2.21201335395004,2.4243330794264,4.38302457743811,2.8500900356731,0.474336817005554,0,0,0,0,0,0,0,0,0,0,0,0,0,0,0,0,0,0,0,0,0,0,0,0,0,0,0,0,0,0,0,0,0,0,0,0,0,0,0,0,0,0,0,0,0,0,0,0,0,0,0,0,0,0,0,0,0,0,0,0,0,0,0,0,0,0,0,0,0,0,0,0,0,0,0,0,0,0,0,0,0,0,0,0,0,0,0,0,0,0,0,0,0,0,0,0,0
0,0,0,0,0,0,0,0,0,0,0,0,0,0,0,0,0.388115796299342,0.72009912723996,0.3688207237438,2.15295041656661,2.80578727422419,2.57613287481337,2.39301331517878,1.79593789321481,2.17571726897472,1.69472724494701,3.02727609360844,3.1592064882076,5.00186683424557,6.9711420510441,0,0,0,0,0,0,0,0,0,0,0,0,0,0,0,0,0,0,0,0,0,0,0,0,0,0,0,0,0,0,0,0,0,0,0,0,0,0,0,0,0,0,0,0,0,0,0,0,0,0,0,0,0,0,0,0,0,0,0,0,0,0,0,0,0,0,0,0,0,0,0,0,0,0,0,0,0,0,0,0,0,0,0,0,0,0,0,0,0,0,0,0,0,0,0,0,0
0,0,0,0,0,0,0,0,0,0,0,0,0,0,0,0,1.02766228006891,0.748605664817082,0.671427409892262,1.00979613047689,2.63987547154756,2.60545920137466,1.50230548390627,1.58882741732898,2.32673811365313,1.95960832731064,2.52013509163387,4.02731344629874,4.46029471633437,7.54389678392091,0,0,0,0,0,0,0,0,0,0,0,0,0,0,0,0,0,0,0,0,0,0,0,0,0,0,0,0,0,0,0,0,0,0,0,0,0,0,0,0,0,0,0,0,0,0,0,0,0,0,0,0,0,0,0,0,0,0,0,0,0,0,0,0,0,0,0,0,0,0,0,0,0,0,0,0,0,0,0,0,0,0,0,0,0,0,0,0,0,0,0,0,0,0,0,0,0
0,0,0,0,0,0,0,0,0,0,0,0,0,0,0,0,0.844442109743252,0.598726431510244,0.720246206239418,1.09549830038225,1.17000217559115,1.80040432306951,1.03800850431004,1.33027177576161,1.80879468711714,1.48683462816288,2.37553976215194,2.67015063138855,3.60142369009326,7.28914457298587,0,0,0,0,0,0,0,0,0,0,0,0,0,0,0,0,0,0,0,0,0,0,0,0,0,0,0,0,0,0,0,0,0,0,0,0,0,0,0,0,0,0,0,0,0,0,0,0,0,0,0,0,0,0,0,0,0,0,0,0,0,0,0,0,0,0,0,0,0,0,0,0,0,0,0,0,0,0,0,0,0,0,0,0,0,0,0,0,0,0,0,0,0,0,0,0,0
0,0,0,0,0,0,0,0,0,0,0,0,0,0,0,0,0.510040406525002,0.222384209951647,0.476094738041399,0.774726437150426,1.57204483110599,1.13469272942571,1.74925814470795,0.970251141402258,1.32815389408655,2.46832844621359,2.2991808238948,2.4274808388453,1.70918860172194,-2.23238042420162,0,0,0,0,0,0,0,0,0,0,0,0,0,0,0,0,0,0,0,0,0,0,0,0,0,0,0,0,0,0,0,0,0,0,0,0,0,0,0,0,0,0,0,0,0,0,0,0,0,0,0,0,0,0,0,0,0,0,0,0,0,0,0,0,0,0,0,0,0,0,0,0,0,0,0,0,0,0,0,0,0,0,0,0,0,0,0,0,0,0,0,0,0,0,0,0,0
0,0,0,0,0,0,0,0,0,0,0,0,0,0,0,0,0.665101714656341,0.917121311158142,0.709362242938584,1.41608505157008,0.722212119294272,1.27182666112569,1.42701014600558,1.61522885116922,1.9991555964167,1.37510664790798,2.28324700401811,3.63667125865871,4.27624695177106,6.40603085112721,0,0,0,0,0,0,0,0,0,0,0,0,0,0,0,0,0,0,0,0,0,0,0,0,0,0,0,0,0,0,0,0,0,0,0,0,0,0,0,0,0,0,0,0,0,0,0,0,0,0,0,0,0,0,0,0,0,0,0,0,0,0,0,0,0,0,0,0,0,0,0,0,0,0,0,0,0,0,0,0,0,0,0,0,0,0,0,0,0,0,0,0,0,0,0,0,0
0,0,0,0,0,0,0,0,0,0,0,0,0,0,0,0,-0.11494265831984,0.12859845809153,0.217366951631834,0.788651832441305,1.31705859936588,1.90290099375066,1.16972314151297,0.95354640766635,1.51754887718902,1.25015618890991,2.55029515911611,2.37582142843766,2.08974523623953,0.771668466728629,0,0,0,0,0,0,0,0,0,0,0,0,0,0,0,0,0,0,0,0,0,0,0,0,0,0,0,0,0,0,0,0,0,0,0,0,0,0,0,0,0,0,0,0,0,0,0,0,0,0,0,0,0,0,0,0,0,0,0,0,0,0,0,0,0,0,0,0,0,0,0,0,0,0,0,0,0,0,0,0,0,0,0,0,0,0,0,0,0,0,0,0,0,0,0,0,0
0,0,0,0,0,0,0,0,0,0,0,0,0,0,0,0,0.726854465165768,0.0720203179008436,0.486537797986698,1.42287990487237,1.44400780067283,1.48756405437641,1.23670215479242,0.663099820430732,1.05478849510629,1.51827197651775,1.78686129075404,3.32185120474055,3.37186548592103,0,0,0,0,0,0,0,0,0,0,0,0,0,0,0,0,0,0,0,0,0,0,0,0,0,0,0,0,0,0,0,0,0,0,0,0,0,0,0,0,0,0,0,0,0,0,0,0,0,0,0,0,0,0,0,0,0,0,0,0,0,0,0,0,0,0,0,0,0,0,0,0,0,0,0,0,0,0,0,0,0,0,0,0,0,0,0,0,0,0,0,0,0,0,0,0,0,0
0,0,0,0,0,0,0,0,0,0,0,0,0,0,0,0,0.438226870917713,0.431094385875965,1.14959520506278,0.247559954412367,0.999575707737044,1.01164686423881,1.17610283974138,1.07153171901318,1.58981396072877,1.74984882254111,1.73492811860982,3.28310646288172,2.27447258612879,7.95487074794713,0,0,0,0,0,0,0,0,0,0,0,0,0,0,0,0,0,0,0,0,0,0,0,0,0,0,0,0,0,0,0,0,0,0,0,0,0,0,0,0,0,0,0,0,0,0,0,0,0,0,0,0,0,0,0,0,0,0,0,0,0,0,0,0,0,0,0,0,0,0,0,0,0,0,0,0,0,0,0,0,0,0,0,0,0,0,0,0,0,0,0,0,0,0,0,0,0
0,0,0,0,0,0,0,0,0,0,0,0,0,0,0,0,-0.020531714954533,0.43676158703418,0.364704875110042,0.737876501674786,1.18364629765495,1.48613586329433,0.946677248153901,0.699468992219219,1.48554227460095,0.991150789851665,2.20106328478633,2.43912172084954,4.21133861401845,16.3434865774725,0,0,0,0,0,0,0,0,0,0,0,0,0,0,0,0,0,0,0,0,0,0,0,0,0,0,0,0,0,0,0,0,0,0,0,0,0,0,0,0,0,0,0,0,0,0,0,0,0,0,0,0,0,0,0,0,0,0,0,0,0,0,0,0,0,0,0,0,0,0,0,0,0,0,0,0,0,0,0,0,0,0,0,0,0,0,0,0,0,0,0,0,0,0,0,0,0
0,0,0,0,0,0,0,0,0,0,0,0,0,0,0,0,0.361164434558984,0.0528557810789234,-0.0377594465633941,0.791356321085509,1.27915609380837,1.03432295261503,1.24953816424479,0.767784636729673,0.441193661513029,0.93359512602426,2.07391050673808,2.71420788750014,4.11857407367101,0,0,0,0,0,0,0,0,0,0,0,0,0,0,0,0,0,0,0,0,0,0,0,0,0,0,0,0,0,0,0,0,0,0,0,0,0,0,0,0,0,0,0,0,0,0,0,0,0,0,0,0,0,0,0,0,0,0,0,0,0,0,0,0,0,0,0,0,0,0,0,0,0,0,0,0,0,0,0,0,0,0,0,0,0,0,0,0,0,0,0,0,0,0,0,0,0,0
0,0,0,0,0,0,0,0,0,0,0,0,0,0,0,0,0.876489620034358,0.205118016551606,0.71451710079723,0.745071111574947,0.467878682332566,0.765856873105695,0.803473545529275,1.17282377520669,0.862802140457261,1.09487003828279,1.19310521015533,1.87941237765364,2.66330917449723,4.68022507085684,0,0,0,0,0,0,0,0,0,0,0,0,0,0,0,0,0,0,0,0,0,0,0,0,0,0,0,0,0,0,0,0,0,0,0,0,0,0,0,0,0,0,0,0,0,0,0,0,0,0,0,0,0,0,0,0,0,0,0,0,0,0,0,0,0,0,0,0,0,0,0,0,0,0,0,0,0,0,0,0,0,0,0,0,0,0,0,0,0,0,0,0,0,0,0,0,0
0,0,0,0,0,0,0,0,0,0,0,0,0,0,0,0,0.0664466859319774,0.595304590225395,0.125483980577263,0.180293747135901,0.736353378337242,0.552610606186999,0.818393431681358,0.376224349891459,0.705595049674202,0.938193469064288,1.31762890040674,2.07126692523688,2.77249133424117,-1.75103427596153,0,0,0,0,0,0,0,0,0,0,0,0,0,0,0,0,0,0,0,0,0,0,0,0,0,0,0,0,0,0,0,0,0,0,0,0,0,0,0,0,0,0,0,0,0,0,0,0,0,0,0,0,0,0,0,0,0,0,0,0,0,0,0,0,0,0,0,0,0,0,0,0,0,0,0,0,0,0,0,0,0,0,0,0,0,0,0,0,0,0,0,0,0,0,0,0,0
0,0,0,0,0,0,0,0,0,0,0,0,0,0,0,0,0.433473784644956,0.173757411135952,0.412665626941046,0.0476210881299137,0.884547775820337,0.525876507992985,0.618730641734109,0.661000566584504,0.720872256816953,1.03621867290842,0.376529697477776,0.870784858385377,1.84546922230268,-1.69797398066973,0,0,0,0,0,0,0,0,0,0,0,0,0,0,0,0,0,0,0,0,0,0,0,0,0,0,0,0,0,0,0,0,0,0,0,0,0,0,0,0,0,0,0,0,0,0,0,0,0,0,0,0,0,0,0,0,0,0,0,0,0,0,0,0,0,0,0,0,0,0,0,0,0,0,0,0,0,0,0,0,0,0,0,0,0,0,0,0,0,0,0,0,0,0,0,0,0
0,0,0,0,0,0,0,0,0,0,0,0,0,0,0,0,0.227765933844822,-0.00105391084226447,0.0484783222113301,0.495209164595675,0.348445930289205,1.0874720423765,0.604665280846082,0.430443241878891,0.203940372258094,0.988645176515733,1.16875133233284,2.02212532139051,3.12477027629078,0,0,0,0,0,0,0,0,0,0,0,0,0,0,0,0,0,0,0,0,0,0,0,0,0,0,0,0,0,0,0,0,0,0,0,0,0,0,0,0,0,0,0,0,0,0,0,0,0,0,0,0,0,0,0,0,0,0,0,0,0,0,0,0,0,0,0,0,0,0,0,0,0,0,0,0,0,0,0,0,0,0,0,0,0,0,0,0,0,0,0,0,0,0,0,0,0,0
0,0,0,0,0,0,0,0,0,0,0,0,0,0,0,0,-0.134297740518889,0.0254757537714709,0.14335885235431,0.371312527934927,0.547691157634659,0.952316487251286,0.361165519239353,0.670421107925697,0.475544957846465,0.581430599934991,1.36557765463571,1.8404423615308,1.95997382625653,9.44071314319684,0,0,0,0,0,0,0,0,0,0,0,0,0,0,0,0,0,0,0,0,0,0,0,0,0,0,0,0,0,0,0,0,0,0,0,0,0,0,0,0,0,0,0,0,0,0,0,0,0,0,0,0,0,0,0,0,0,0,0,0,0,0,0,0,0,0,0,0,0,0,0,0,0,0,0,0,0,0,0,0,0,0,0,0,0,0,0,0,0,0,0,0,0,0,0,0,0
0,0,0,0,0,0,0,0,0,0,0,0,0,0,0,0,-0.00551968313334483,0.495025923607568,-0.162255505295049,0.109580735843748,0.68148879257974,0.504233010945192,0.170281088974626,-0.088438057340295,0.734187359011349,0.871503202698441,1.2641510731961,1.66484954116934,3.22830374615936,5.69329448121338,0,0,0,0,0,0,0,0,0,0,0,0,0,0,0,0,0,0,0,0,0,0,0,0,0,0,0,0,0,0,0,0,0,0,0,0,0,0,0,0,0,0,0,0,0,0,0,0,0,0,0,0,0,0,0,0,0,0,0,0,0,0,0,0,0,0,0,0,0,0,0,0,0,0,0,0,0,0,0,0,0,0,0,0,0,0,0,0,0,0,0,0,0,0,0,0,0
0,0,0,0,0,0,0,0,0,0,0,0,0,0,0,0,0.676044898330229,0.506611844771608,0.717320806677847,0.306239691504257,0.707762508206838,0.591152534109912,0.351095087422514,0.347714256218579,-0.000985642096584138,0.801920936170434,0.580760575549493,0.878213145363357,2.44971863966526,0,0,0,0,0,0,0,0,0,0,0,0,0,0,0,0,0,0,0,0,0,0,0,0,0,0,0,0,0,0,0,0,0,0,0,0,0,0,0,0,0,0,0,0,0,0,0,0,0,0,0,0,0,0,0,0,0,0,0,0,0,0,0,0,0,0,0,0,0,0,0,0,0,0,0,0,0,0,0,0,0,0,0,0,0,0,0,0,0,0,0,0,0,0,0,0,0,0
0,0,0,0,0,0,0,0,0,0,0,0,0,0,0,0,0.938426894674644,0.350935174735152,0.0806095250917684,0.477672688634765,1.19799153266601,1.02548667889582,0.975191946957261,0.380300048350085,0.342880187638068,0.893210889616614,0.971913745492716,1.1872785316073,0.721452014196045,3.70744769410919,0,0,0,0,0,0,0,0,0,0,0,0,0,0,0,0,0,0,0,0,0,0,0,0,0,0,0,0,0,0,0,0,0,0,0,0,0,0,0,0,0,0,0,0,0,0,0,0,0,0,0,0,0,0,0,0,0,0,0,0,0,0,0,0,0,0,0,0,0,0,0,0,0,0,0,0,0,0,0,0,0,0,0,0,0,0,0,0,0,0,0,0,0,0,0,0,0
0,0,0,0,0,0,0,0,0,0,0,0,0,0,0,0,0.672729889436548,0.220053629955538,-0.0482687769345582,0.614380425324041,0.517403614906136,0.728520309750521,0.399147155702704,0.688123575448558,0.459269167122504,1.00302905158954,0.947287537664027,1.30266063456235,2.64702515540504,4.98253887079585,0,0,0,0,0,0,0,0,0,0,0,0,0,0,0,0,0,0,0,0,0,0,0,0,0,0,0,0,0,0,0,0,0,0,0,0,0,0,0,0,0,0,0,0,0,0,0,0,0,0,0,0,0,0,0,0,0,0,0,0,0,0,0,0,0,0,0,0,0,0,0,0,0,0,0,0,0,0,0,0,0,0,0,0,0,0,0,0,0,0,0,0,0,0,0,0,0
0,0,0,0,0,0,0,0,0,0,0,0,0,0,0,0,1.00642300496964,0.255546967421414,0.481712099791924,0.280544111289305,0.56825378045821,0.588725028385028,0.643509407395776,0.556851200816362,0.320981189902932,0.674609637391579,0.597784404789727,0.195949163634768,1.84821537818745,-1.36473286960289,0,0,0,0,0,0,0,0,0,0,0,0,0,0,0,0,0,0,0,0,0,0,0,0,0,0,0,0,0,0,0,0,0,0,0,0,0,0,0,0,0,0,0,0,0,0,0,0,0,0,0,0,0,0,0,0,0,0,0,0,0,0,0,0,0,0,0,0,0,0,0,0,0,0,0,0,0,0,0,0,0,0,0,0,0,0,0,0,0,0,0,0,0,0,0,0,0
0,0,0,0,0,0,0,0,0,0,0,0,0,0,0,0,0.731317650793944,0.203523400470546,1.03839044966907,0.325003365661807,0.559414339754669,0.573658534226572,0.882869489814945,1.15085519562044,0.596381378002229,0.653669718690475,1.14680359340211,0.664063789571963,1.81476880970615,4.29806212582798,0,0,0,0,0,0,0,0,0,0,0,0,0,0,0,0,0,0,0,0,0,0,0,0,0,0,0,0,0,0,0,0,0,0,0,0,0,0,0,0,0,0,0,0,0,0,0,0,0,0,0,0,0,0,0,0,0,0,0,0,0,0,0,0,0,0,0,0,0,0,0,0,0,0,0,0,0,0,0,0,0,0,0,0,0,0,0,0,0,0,0,0,0,0,0,0,0
0,0,0,0,0,0,0,0,0,0,0,0,0,0,0,0,0.247919825363386,0.542344751212942,0.0285561570857682,0.270764231952907,0.32681259846507,0.404419035974146,0.200807483894288,0.0713577016429783,0.581283453742774,0.836262596554081,0.721582747654235,1.34509270764846,3.14974135413966,8.01372701544402,0,0,0,0,0,0,0,0,0,0,0,0,0,0,0,0,0,0,0,0,0,0,0,0,0,0,0,0,0,0,0,0,0,0,0,0,0,0,0,0,0,0,0,0,0,0,0,0,0,0,0,0,0,0,0,0,0,0,0,0,0,0,0,0,0,0,0,0,0,0,0,0,0,0,0,0,0,0,0,0,0,0,0,0,0,0,0,0,0,0,0,0,0,0,0,0,0
0,0,0,0,0,0,0,0,0,0,0,0,0,0,0,0,0.332729295990566,-0.18185801834829,0.539547386984402,0.215807391539216,0.882878494424098,0.752214959643155,0.488722791204501,0.423816140773604,0.562868267780612,0.573347781028486,1.11643197445717,1.37571567656197,2.0869685630691,3.20763510610045,0,0,0,0,0,0,0,0,0,0,0,0,0,0,0,0,0,0,0,0,0,0,0,0,0,0,0,0,0,0,0,0,0,0,0,0,0,0,0,0,0,0,0,0,0,0,0,0,0,0,0,0,0,0,0,0,0,0,0,0,0,0,0,0,0,0,0,0,0,0,0,0,0,0,0,0,0,0,0,0,0,0,0,0,0,0,0,0,0,0,0,0,0,0,0,0,0
0,0,0,0,0,0,0,0,0,0,0,0,0,0,0,0,0.693950018881726,0.579190609815323,0.794013745347915,0.575292222352425,0.616700111083218,0.167549116254198,0.847583923436933,0.634518577979247,0.684095050724888,0.68546359290819,0.585332602790005,0.984769306181836,0.669968427816001,2.06350764932984,0,0,0,0,0,0,0,0,0,0,0,0,0,0,0,0,0,0,0,0,0,0,0,0,0,0,0,0,0,0,0,0,0,0,0,0,0,0,0,0,0,0,0,0,0,0,0,0,0,0,0,0,0,0,0,0,0,0,0,0,0,0,0,0,0,0,0,0,0,0,0,0,0,0,0,0,0,0,0,0,0,0,0,0,0,0,0,0,0,0,0,0,0,0,0,0,0
0,0,0,0,0,0,0,0,0,0,0,0,0,0,0,0,0.657868273212135,0.688870097602885,0.409340968070759,0.266234184039869,0.193524225248961,0.783439244928048,0.037626036991385,0.239347779551204,0.45664516989107,0.930744413060274,0.314564128529545,0.779552934724122,2.25862171978536,2.65050144326971,0,0,0,0,0,0,0,0,0,0,0,0,0,0,0,0,0,0,0,0,0,0,0,0,0,0,0,0,0,0,0,0,0,0,0,0,0,0,0,0,0,0,0,0,0,0,0,0,0,0,0,0,0,0,0,0,0,0,0,0,0,0,0,0,0,0,0,0,0,0,0,0,0,0,0,0,0,0,0,0,0,0,0,0,0,0,0,0,0,0,0,0,0,0,0,0,0
0,0,0,0,0,0,0,0,0,0,0,0,0,0,0,0,0.505837382230796,0.0668106415887888,0.468597376431736,0.53291686964971,0.470157408500129,0.354861498779819,0.447551912673166,0.689453094355642,0.29834695670284,0.565972669943347,0.383381577387542,1.24840851190544,1.49386976600043,-1.12594353905746,0,0,0,0,0,0,0,0,0,0,0,0,0,0,0,0,0,0,0,0,0,0,0,0,0,0,0,0,0,0,0,0,0,0,0,0,0,0,0,0,0,0,0,0,0,0,0,0,0,0,0,0,0,0,0,0,0,0,0,0,0,0,0,0,0,0,0,0,0,0,0,0,0,0,0,0,0,0,0,0,0,0,0,0,0,0,0,0,0,0,0,0,0,0,0,0,0
0,0,0,0,0,0,0,0,0,0,0,0,0,0,0,0,0.548749767886644,0.229642205305947,0.746747535355549,0.606172220841645,0.439695260599813,0.842560067087589,0.518632404072672,0.391993503599843,0.539265466309597,0.790313404209368,0.65216886687434,0.9725303956695,0.934804347862485,0.115059082341949,0,0,0,0,0,0,0,0,0,0,0,0,0,0,0,0,0,0,0,0,0,0,0,0,0,0,0,0,0,0,0,0,0,0,0,0,0,0,0,0,0,0,0,0,0,0,0,0,0,0,0,0,0,0,0,0,0,0,0,0,0,0,0,0,0,0,0,0,0,0,0,0,0,0,0,0,0,0,0,0,0,0,0,0,0,0,0,0,0,0,0,0,0,0,0,0,0
0,0,0,0,0,0,0,0,0,0,0,0,0,0,0,0,0.634950689209908,0.471652024862649,0.142986351928442,0.223624097981961,0.483205302612058,0.344735071811421,0.29837656696449,0.265325650023011,0.381391661988943,0.497846386271227,0.705335900962274,0.474454786729167,1.95643557911505,-1.05470903935043,0,0,0,0,0,0,0,0,0,0,0,0,0,0,0,0,0,0,0,0,0,0,0,0,0,0,0,0,0,0,0,0,0,0,0,0,0,0,0,0,0,0,0,0,0,0,0,0,0,0,0,0,0,0,0,0,0,0,0,0,0,0,0,0,0,0,0,0,0,0,0,0,0,0,0,0,0,0,0,0,0,0,0,0,0,0,0,0,0,0,0,0,0,0,0,0,0
0,0,0,0,0,0,0,0,0,0,0,0,0,0,0,0,0.400547919151491,0.561241769907497,0.514248518647791,0.194621205880472,-0.028223806378994,0.236790555196311,0.000386681451907123,0.33674064909787,0.509852994228315,0.507854826691213,0.54154844719807,1.51587232079217,0.469333462234354,-1.02053414039085,0,0,0,0,0,0,0,0,0,0,0,0,0,0,0,0,0,0,0,0,0,0,0,0,0,0,0,0,0,0,0,0,0,0,0,0,0,0,0,0,0,0,0,0,0,0,0,0,0,0,0,0,0,0,0,0,0,0,0,0,0,0,0,0,0,0,0,0,0,0,0,0,0,0,0,0,0,0,0,0,0,0,0,0,0,0,0,0,0,0,0,0,0,0,0,0,0
0,0,0,0,0,0,0,0,0,0,0,0,0,0,0,0,0.317292040301116,0.0845829777281751,0.272991116188795,0.346281185424242,-0.195787932310144,0.112381128573062,0.221214370702759,0.701544058885534,0.228611930808566,0.692728739311833,0.621993385109194,0.741788325511141,1.40091302893907,-0.987286116514246,0,0,0,0,0,0,0,0,0,0,0,0,0,0,0,0,0,0,0,0,0,0,0,0,0,0,0,0,0,0,0,0,0,0,0,0,0,0,0,0,0,0,0,0,0,0,0,0,0,0,0,0,0,0,0,0,0,0,0,0,0,0,0,0,0,0,0,0,0,0,0,0,0,0,0,0,0,0,0,0,0,0,0,0,0,0,0,0,0,0,0,0,0,0,0,0,0
0,0,0,0,0,0,0,0,0,0,0,0,0,0,0,0,0.0971356394035984,0.232288134938395,0.151480510296141,-0.179938234616828,0.658798435026277,0.301662824689195,0.00466569910554904,0.158119692866805,0.268516845950574,0.421810189735254,0.258355672742567,0.531214307554742,0.828827004417625,3.13146960308458,0,0,0,0,0,0,0,0,0,0,0,0,0,0,0,0,0,0,0,0,0,0,0,0,0,0,0,0,0,0,0,0,0,0,0,0,0,0,0,0,0,0,0,0,0,0,0,0,0,0,0,0,0,0,0,0,0,0,0,0,0,0,0,0,0,0,0,0,0,0,0,0,0,0,0,0,0,0,0,0,0,0,0,0,0,0,0,0,0,0,0,0,0,0,0,0,0
0,0,0,0,0,0,0,0,0,0,0,0,0,0,0,0,0.362285002786153,0.308954738825203,0.142083558481039,0.0149557137357025,0.0224940672598635,-0.224950927857257,0.0399231492669884,0.103682722189226,0.580618521612956,0.423858296507037,0.0817835808746771,0.0536190297865898,0.909062356969971,-0.923470822766558,0,0,0,0,0,0,0,0,0,0,0,0,0,0,0,0,0,0,0,0,0,0,0,0,0,0,0,0,0,0,0,0,0,0,0,0,0,0,0,0,0,0,0,0,0,0,0,0,0,0,0,0,0,0,0,0,0,0,0,0,0,0,0,0,0,0,0,0,0,0,0,0,0,0,0,0,0,0,0,0,0,0,0,0,0,0,0,0,0,0,0,0,0,0,0,0,0
0,0,0,0,0,0,0,0,0,0,0,0,0,0,0,0,0.00189554428415495,0.168778131185645,-0.102987879188154,-0.00463486588406281,0.112128302943271,0.343819528151192,0.208369527218314,0.0191883669827367,0.100179310847219,0.0233075985980691,0.243175307004111,-0.0101286099269144,0.755288046020012,-0.89285530325182,0,0,0,0,0,0,0,0,0,0,0,0,0,0,0,0,0,0,0,0,0,0,0,0,0,0,0,0,0,0,0,0,0,0,0,0,0,0,0,0,0,0,0,0,0,0,0,0,0,0,0,0,0,0,0,0,0,0,0,0,0,0,0,0,0,0,0,0,0,0,0,0,0,0,0,0,0,0,0,0,0,0,0,0,0,0,0,0,0,0,0,0,0,0,0,0,0
0,0,0,0,0,0,0,0,0,0,0,0,0,0,0,0,0.240009133278183,0.0822774020494706,0.30797569141226,0.34765792658421,0.00866718371620911,0.117996169004417,0.344076747998031,0.277474342392586,0.199602883795371,0.0734663167754754,0.121920553561706,0.63950257236219,-0.207172419724919,-0.863070123052035,0,0,0,0,0,0,0,0,0,0,0,0,0,0,0,0,0,0,0,0,0,0,0,0,0,0,0,0,0,0,0,0,0,0,0,0,0,0,0,0,0,0,0,0,0,0,0,0,0,0,0,0,0,0,0,0,0,0,0,0,0,0,0,0,0,0,0,0,0,0,0,0,0,0,0,0,0,0,0,0,0,0,0,0,0,0,0,0,0,0,0,0,0,0,0,0,0
0,0,0,0,0,0,0,0,0,0,0,0,0,0,0,0,0.0744258336192662,-0.14539340533558,-0.249278590063803,-0.0584436193906804,0.218985842334773,0.237166396994633,0.127038592861906,0.114301571940354,-0.176732667540914,0.0167604840134407,0.568558019934341,-0.0990134202458868,0.479295565084008,1.01960367954454,0,0,0,0,0,0,0,0,0,0,0,0,0,0,0,0,0,0,0,0,0,0,0,0,0,0,0,0,0,0,0,0,0,0,0,0,0,0,0,0,0,0,0,0,0,0,0,0,0,0,0,0,0,0,0,0,0,0,0,0,0,0,0,0,0,0,0,0,0,0,0,0,0,0,0,0,0,0,0,0,0,0,0,0,0,0,0,0,0,0,0,0,0,0,0,0,0
0,0,0,0,0,0,0,0,0,0,0,0,0,0,0,0,-0.129817826357397,0.16099762265575,-0.0479835164029666,-0.240929825029471,0.344823812644189,0.0700974387216459,-0.117561582052925,0.144223112090116,0.139384851718501,0.53550501978771,0.0320691591167042,0.230310569640486,-0.145382454758247,-0.80590131113011,0,0,0,0,0,0,0,0,0,0,0,0,0,0,0,0,0,0,0,0,0,0,0,0,0,0,0,0,0,0,0,0,0,0,0,0,0,0,0,0,0,0,0,0,0,0,0,0,0,0,0,0,0,0,0,0,0,0,0,0,0,0,0,0,0,0,0,0,0,0,0,0,0,0,0,0,0,0,0,0,0,0,0,0,0,0,0,0,0,0,0,0,0,0,0,0,0
0,0,0,0,0,0,0,0,0,0,0,0,0,0,0,0,0.408848914786979,0.255269511654818,0.12048600458617,-0.0395570660110681,0.275212324865893,-0.0229007649313898,0.489150886827573,0.0572397595931596,0.0431773762625123,0.218911238542128,-0.0785586241490448,0.402923308254434,0.511924038625421,3.26059223051595,0,0,0,0,0,0,0,0,0,0,0,0,0,0,0,0,0,0,0,0,0,0,0,0,0,0,0,0,0,0,0,0,0,0,0,0,0,0,0,0,0,0,0,0,0,0,0,0,0,0,0,0,0,0,0,0,0,0,0,0,0,0,0,0,0,0,0,0,0,0,0,0,0,0,0,0,0,0,0,0,0,0,0,0,0,0,0,0,0,0,0,0,0,0,0,0,0
0,0,0,0,0,0,0,0,0,0,0,0,0,0,0,0,0.193942132071076,-0.0525375841598632,0.235202636591921,0.043961368654017,-0.155762617022747,-0.00192709977937611,0.16895593984028,0.116078699221251,0.254667063174707,0.101184595329373,0.289481136697818,0.434049122960987,1.38205432496949,-0.751791456906376,0,0,0,0,0,0,0,0,0,0,0,0,0,0,0,0,0,0,0,0,0,0,0,0,0,0,0,0,0,0,0,0,0,0,0,0,0,0,0,0,0,0,0,0,0,0,0,0,0,0,0,0,0,0,0,0,0,0,0,0,0,0,0,0,0,0,0,0,0,0,0,0,0,0,0,0,0,0,0,0,0,0,0,0,0,0,0,0,0,0,0,0,0,0,0,0,0
0,0,0,0,0,0,0,0,0,0,0,0,0,0,0,0,0.625873835126999,0.0108730429462497,0.113332962327048,0.401055153978227,0.435856400908419,0.28738753535469,0.125176314556006,0.227621479156992,0.284465349575367,0.591465852377766,0.613232542449276,0.221417823173001,0.606946064447745,3.77904280255663,0,0,0,0,0,0,0,0,0,0,0,0,0,0,0,0,0,0,0,0,0,0,0,0,0,0,0,0,0,0,0,0,0,0,0,0,0,0,0,0,0,0,0,0,0,0,0,0,0,0,0,0,0,0,0,0,0,0,0,0,0,0,0,0,0,0,0,0,0,0,0,0,0,0,0,0,0,0,0,0,0,0,0,0,0,0,0,0,0,0,0,0,0,0,0,0,0
0,0,0,0,0,0,0,0,0,0,0,0,0,0,0,0,0.304802190211724,0.0743040480203159,0.187554247107029,0.0546207041952869,0.253430958060169,0.0694694727402291,0.213928199491477,0.0138472252743133,0.115050217874426,0.245836208494923,0.276149732442202,0.340097141789006,0.109315343332094,-0.700576883335871,0,0,0,0,0,0,0,0,0,0,0,0,0,0,0,0,0,0,0,0,0,0,0,0,0,0,0,0,0,0,0,0,0,0,0,0,0,0,0,0,0,0,0,0,0,0,0,0,0,0,0,0,0,0,0,0,0,0,0,0,0,0,0,0,0,0,0,0,0,0,0,0,0,0,0,0,0,0,0,0,0,0,0,0,0,0,0,0,0,0,0,0,0,0,0,0,0
0,0,0,0,0,0,0,0,0,0,0,0,0,0,0,0,0.0513031117005158,0.354054485617928,0.232075486853486,0.378671060473703,0.612719346754115,0.602530886501511,0.400711910474769,0.13752755892599,-0.07915516216949,0.0951169727315012,0.0998960620335578,0.166215239753799,0.685402840278136,-0.676006585457337,0,0,0,0,0,0,0,0,0,0,0,0,0,0,0,0,0,0,0,0,0,0,0,0,0,0,0,0,0,0,0,0,0,0,0,0,0,0,0,0,0,0,0,0,0,0,0,0,0,0,0,0,0,0,0,0,0,0,0,0,0,0,0,0,0,0,0,0,0,0,0,0,0,0,0,0,0,0,0,0,0,0,0,0,0,0,0,0,0,0,0,0,0,0,0,0,0
0,0,0,0,0,0,0,0,0,0,0,0,0,0,0,0,-0.230128532234835,0.079815562827996,0.200319983312811,0.429730468851725,0.189610572731469,0.366323056396755,0.27057210611493,0.3729384652812,0.196680739559195,0.0332090926896884,0.618146064016111,0.319458650985128,-0.316461382558618,-0.652102671315942,0,0,0,0,0,0,0,0,0,0,0,0,0,0,0,0,0,0,0,0,0,0,0,0,0,0,0,0,0,0,0,0,0,0,0,0,0,0,0,0,0,0,0,0,0,0,0,0,0,0,0,0,0,0,0,0,0,0,0,0,0,0,0,0,0,0,0,0,0,0,0,0,0,0,0,0,0,0,0,0,0,0,0,0,0,0,0,0,0,0,0,0,0,0,0,0,0
0,0,0,0,0,0,0,0,0,0,0,0,0,0,0,0,-0.0569155551857586,0.177993491495807,0.282758001432773,-0.147815081754273,0.00810480837586836,-0.134743080078603,0.0353067693439457,0.237995468833432,0.235502316444646,0.246898283646683,0.0413204475263033,-0.137696389941281,0.142397142682434,-0.628847067574223,0,0,0,0,0,0,0,0,0,0,0,0,0,0,0,0,0,0,0,0,0,0,0,0,0,0,0,0,0,0,0,0,0,0,0,0,0,0,0,0,0,0,0,0,0,0,0,0,0,0,0,0,0,0,0,0,0,0,0,0,0,0,0,0,0,0,0,0,0,0,0,0,0,0,0,0,0,0,0,0,0,0,0,0,0,0,0,0,0,0,0,0,0,0,0,0,0
0,0,0,0,0,0,0,0,0,0,0,0,0,0,0,0,0.0229482983960128,0.131075465700866,0.250428053950732,0.235307287363609,0.299096763184811,0.305934758998345,0.218683960703291,0.204933874371376,0.0697178218607891,0.427555761856775,0.00333621909863813,0.170520837721832,-0.137195177150009,8.80592819192457,0,0,0,0,0,0,0,0,0,0,0,0,0,0,0,0,0,0,0,0,0,0,0,0,0,0,0,0,0,0,0,0,0,0,0,0,0,0,0,0,0,0,0,0,0,0,0,0,0,0,0,0,0,0,0,0,0,0,0,0,0,0,0,0,0,0,0,0,0,0,0,0,0,0,0,0,0,0,0,0,0,0,0,0,0,0,0,0,0,0,0,0,0,0,0,0,0
0,0,0,0,0,0,0,0,0,0,0,0,0,0,0,0,0.675387861071146,0.0858176881466139,-0.0428074192114277,0.0108205141826686,0.261676845359418,0.135928560593179,-0.0187742826942594,0.0765044874002221,0.263308827737718,0.120640257534015,0.36859717271889,0.361294403029399,0.374474946980582,5.44484370619641,0,0,0,0,0,0,0,0,0,0,0,0,0,0,0,0,0,0,0,0,0,0,0,0,0,0,0,0,0,0,0,0,0,0,0,0,0,0,0,0,0,0,0,0,0,0,0,0,0,0,0,0,0,0,0,0,0,0,0,0,0,0,0,0,0,0,0,0,0,0,0,0,0,0,0,0,0,0,0,0,0,0,0,0,0,0,0,0,0,0,0,0,0,0,0,0,0
0,0,0,0,0,0,0,0,0,0,0,0,0,0,0,0,0.239732611386845,0.294463662006957,0.138269737810053,-0.0825101439898377,0.236941490584902,0.151687637275103,0.359245790954213,0.181540336599635,0.224786359716209,0.361620601535397,-0.0129345665084638,0.305154476845793,0.156617856961591,1.8279411928489,0,0,0,0,0,0,0,0,0,0,0,0,0,0,0,0,0,0,0,0,0,0,0,0,0,0,0,0,0,0,0,0,0,0,0,0,0,0,0,0,0,0,0,0,0,0,0,0,0,0,0,0,0,0,0,0,0,0,0,0,0,0,0,0,0,0,0,0,0,0,0,0,0,0,0,0,0,0,0,0,0,0,0,0,0,0,0,0,0,0,0,0,0,0,0,0,0
0,0,0,0,0,0,0,0,0,0,0,0,0,0,0,0,0.188385260449422,0.125380437337826,0.282204380080028,0.229597382968206,-0.116607558556694,0.0543361922798897,0.0593407944167711,0.10338688041788,-0.126679934178044,0.0919515325070578,0.257524951476926,0.0714637802451248,0.212017503000143,-0.541963169359323,0,0,0,0,0,0,0,0,0,0,0,0,0,0,0,0,0,0,0,0,0,0,0,0,0,0,0,0,0,0,0,0,0,0,0,0,0,0,0,0,0,0,0,0,0,0,0,0,0,0,0,0,0,0,0,0,0,0,0,0,0,0,0,0,0,0,0,0,0,0,0,0,0,0,0,0,0,0,0,0,0,0,0,0,0,0,0,0,0,0,0,0,0,0,0,0,0
0,0,0,0,0,0,0,0,0,0,0,0,0,0,0,0,0.147589962800722,0.0575222144394678,0.281415306087611,-0.0720634381206785,0.314844769569958,0.220522330060531,0.141394601755501,-0.155659811502736,0.154145899016945,0.218892935251956,-0.133259056057406,0.0168904028309419,-0.147355397651979,1.52103799967926,0,0,0,0,0,0,0,0,0,0,0,0,0,0,0,0,0,0,0,0,0,0,0,0,0,0,0,0,0,0,0,0,0,0,0,0,0,0,0,0,0,0,0,0,0,0,0,0,0,0,0,0,0,0,0,0,0,0,0,0,0,0,0,0,0,0,0,0,0,0,0,0,0,0,0,0,0,0,0,0,0,0,0,0,0,0,0,0,0,0,0,0,0,0,0,0,0
0,0,0,0,0,0,0,0,0,0,0,0,0,0,0,0,-0.00627807930492152,0.0397666261863835,0.138684211236966,0.221852428254792,0.374208033470333,0.398291118698962,0.214323160412349,0.0439997976395573,0.215911731084148,0.0747204621522242,0.178358944016345,0.0729915902384801,0.479303569313438,-0.501975973687919,0,0,0,0,0,0,0,0,0,0,0,0,0,0,0,0,0,0,0,0,0,0,0,0,0,0,0,0,0,0,0,0,0,0,0,0,0,0,0,0,0,0,0,0,0,0,0,0,0,0,0,0,0,0,0,0,0,0,0,0,0,0,0,0,0,0,0,0,0,0,0,0,0,0,0,0,0,0,0,0,0,0,0,0,0,0,0,0,0,0,0,0,0,0,0,0,0
0,0,0,0,0,0,0,0,0,0,0,0,0,0,0,0,0.100859742460609,0.143193954031575,0.128685546525928,0.0198783441079622,0.246800483123207,0.175744955093435,0.145970722995402,0.164297301411787,0.254717814410046,0.17760722270125,0.238614243335171,0.377188111671381,-0.0190973096135579,-0.482792033639663,0,0,0,0,0,0,0,0,0,0,0,0,0,0,0,0,0,0,0,0,0,0,0,0,0,0,0,0,0,0,0,0,0,0,0,0,0,0,0,0,0,0,0,0,0,0,0,0,0,0,0,0,0,0,0,0,0,0,0,0,0,0,0,0,0,0,0,0,0,0,0,0,0,0,0,0,0,0,0,0,0,0,0,0,0,0,0,0,0,0,0,0,0,0,0,0,0
0,0,0,0,0,0,0,0,0,0,0,0,0,0,0,0,0.330820293331734,0.0829487074530098,-0.0286136848315515,0.201362069940754,0.354716922963185,0.371422779279401,0.136049731384192,0.131541645053209,-0.0305696627819373,0.0897395073715523,0.261471566142199,0.121886607750858,0.480304269801054,3.1737009126052,0,0,0,0,0,0,0,0,0,0,0,0,0,0,0,0,0,0,0,0,0,0,0,0,0,0,0,0,0,0,0,0,0,0,0,0,0,0,0,0,0,0,0,0,0,0,0,0,0,0,0,0,0,0,0,0,0,0,0,0,0,0,0,0,0,0,0,0,0,0,0,0,0,0,0,0,0,0,0,0,0,0,0,0,0,0,0,0,0,0,0,0,0,0,0,0,0
0,0,0,0,0,0,0,0,0,0,0,0,0,0,0,0,0.19616369271125,0.0917494058741212,0.0179137834420605,0.199310464884306,0.190212200654634,0.181469152360087,0.162055169539013,0.326390477393955,0.129558558685093,0.290281131016604,0.208595775857834,0.0524856447743812,-0.0890454133411869,-0.445970934919295,0,0,0,0,0,0,0,0,0,0,0,0,0,0,0,0,0,0,0,0,0,0,0,0,0,0,0,0,0,0,0,0,0,0,0,0,0,0,0,0,0,0,0,0,0,0,0,0,0,0,0,0,0,0,0,0,0,0,0,0,0,0,0,0,0,0,0,0,0,0,0,0,0,0,0,0,0,0,0,0,0,0,0,0,0,0,0,0,0,0,0,0,0,0,0,0,0
0,0,0,0,0,0,0,0,0,0,0,0,0,0,0,0,-0.0261427076796938,0.0491330309693022,0.346682039307222,-0.000517541067253879,0.11888267338938,0.0598868918233242,-0.175564176382087,0.285344362994033,0.0613015895188978,0.00964185905550968,0.076316838350872,0.155175849069565,0.0414078589038838,1.14445995884944,0,0,0,0,0,0,0,0,0,0,0,0,0,0,0,0,0,0,0,0,0,0,0,0,0,0,0,0,0,0,0,0,0,0,0,0,0,0,0,0,0,0,0,0,0,0,0,0,0,0,0,0,0,0,0,0,0,0,0,0,0,0,0,0,0,0,0,0,0,0,0,0,0,0,0,0,0,0,0,0,0,0,0,0,0,0,0,0,0,0,0,0,0,0,0,0,0
0,0,0,0,0,0,0,0,0,0,0,0,0,0,0,0,0.248424844645788,0.203725708300598,0.101402394889835,0.0290553043237349,0.122940272940084,0.331633408261061,0.0549531534010097,0.0400244261188623,0.119025485726287,0.201691338387285,0.120158767950556,0.487533957011327,0.342507689287474,-0.411120039524829,0,0,0,0,0,0,0,0,0,0,0,0,0,0,0,0,0,0,0,0,0,0,0,0,0,0,0,0,0,0,0,0,0,0,0,0,0,0,0,0,0,0,0,0,0,0,0,0,0,0,0,0,0,0,0,0,0,0,0,0,0,0,0,0,0,0,0,0,0,0,0,0,0,0,0,0,0,0,0,0,0,0,0,0,0,0,0,0,0,0,0,0,0,0,0,0,0
0,0,0,0,0,0,0,0,0,0,0,0,0,0,0,0,0.192666384986395,0.0610965879646185,0.0805009849864914,0.148789109169594,0.190990995475532,0.255424829734586,0.225919142529652,0.0342384110345165,0.296792424314967,0.298128365577135,0.171456063323192,0.227578306539264,0.304255362247112,-0.394400250186023,0,0,0,0,0,0,0,0,0,0,0,0,0,0,0,0,0,0,0,0,0,0,0,0,0,0,0,0,0,0,0,0,0,0,0,0,0,0,0,0,0,0,0,0,0,0,0,0,0,0,0,0,0,0,0,0,0,0,0,0,0,0,0,0,0,0,0,0,0,0,0,0,0,0,0,0,0,0,0,0,0,0,0,0,0,0,0,0,0,0,0,0,0,0,0,0,0
0,0,0,0,0,0,0,0,0,0,0,0,0,0,0,0,-0.011570447782528,0.0183251236740304,0.100167424101879,0.280651917783156,0.330268930255648,0.281745194025259,0.347616830179232,0.300210159745053,0.223861947188661,0.319080262088663,0.078206113591228,0.19988860467279,0.215128524394286,-0.378133926888159,0,0,0,0,0,0,0,0,0,0,0,0,0,0,0,0,0,0,0,0,0,0,0,0,0,0,0,0,0,0,0,0,0,0,0,0,0,0,0,0,0,0,0,0,0,0,0,0,0,0,0,0,0,0,0,0,0,0,0,0,0,0,0,0,0,0,0,0,0,0,0,0,0,0,0,0,0,0,0,0,0,0,0,0,0,0,0,0,0,0,0,0,0,0,0,0,0
0,0,0,0,0,0,0,0,0,0,0,0,0,0,0,0,0.399348180465598,0.172651783904685,0.0808343805670412,0.195976468235597,0.0581887621416428,0.058428207307592,0.110049536698676,0.151219528387098,0.274563216167494,0.125166082665248,0.112703942653769,0.195565895819865,0.171428329020846,-0.362308770944567,0,0,0,0,0,0,0,0,0,0,0,0,0,0,0,0,0,0,0,0,0,0,0,0,0,0,0,0,0,0,0,0,0,0,0,0,0,0,0,0,0,0,0,0,0,0,0,0,0,0,0,0,0,0,0,0,0,0,0,0,0,0,0,0,0,0,0,0,0,0,0,0,0,0,0,0,0,0,0,0,0,0,0,0,0,0,0,0,0,0,0,0,0,0,0,0,0
0,0,0,0,0,0,0,0,0,0,0,0,0,0,0,0,-0.120528463589912,0.159257698632673,0.127162400761707,0.357263014407719,0.180482676560567,0.318426951223585,0.087631970459806,0.395415549976857,-0.0266836248865326,0.159917021776106,-0.0216623498866109,-0.0603494462050655,0.349672317798804,-0.346912817227608,0,0,0,0,0,0,0,0,0,0,0,0,0,0,0,0,0,0,0,0,0,0,0,0,0,0,0,0,0,0,0,0,0,0,0,0,0,0,0,0,0,0,0,0,0,0,0,0,0,0,0,0,0,0,0,0,0,0,0,0,0,0,0,0,0,0,0,0,0,0,0,0,0,0,0,0,0,0,0,0,0,0,0,0,0,0,0,0,0,0,0,0,0,0,0,0,0
0,0,0,0,0,0,0,0,0,0,0,0,0,0,0,0,0.410081563146703,0.142624666726966,0.267569484863589,0.0932003716074072,0.211732062857588,0.081535179212601,0.111568218299837,0.273727614432433,0.23144348726914,0.448953117700062,0.314553358227031,0.127422871503726,-0.0228970675533066,-0.331934425122047,0,0,0,0,0,0,0,0,0,0,0,0,0,0,0,0,0,0,0,0,0,0,0,0,0,0,0,0,0,0,0,0,0,0,0,0,0,0,0,0,0,0,0,0,0,0,0,0,0,0,0,0,0,0,0,0,0,0,0,0,0,0,0,0,0,0,0,0,0,0,0,0,0,0,0,0,0,0,0,0,0,0,0,0,0,0,0,0,0,0,0,0,0,0,0,0,0
0,0,0,0,0,0,0,0,0,0,0,0,0,0,0,0,0.513662809086591,0.154434562243128,0.106375976683224,0.0871832536413018,0.0257494453280729,0.180405950793868,0.269415420265399,-0.0214271272873735,0.500037852811509,0.162325153858007,0.252997045467206,0.172640599214007,0.0640977324874837,-0.31736226972379,0,0,0,0,0,0,0,0,0,0,0,0,0,0,0,0,0,0,0,0,0,0,0,0,0,0,0,0,0,0,0,0,0,0,0,0,0,0,0,0,0,0,0,0,0,0,0,0,0,0,0,0,0,0,0,0,0,0,0,0,0,0,0,0,0,0,0,0,0,0,0,0,0,0,0,0,0,0,0,0,0,0,0,0,0,0,0,0,0,0,0,0,0,0,0,0,0
0,0,0,0,0,0,0,0,0,0,0,0,0,0,0,0,0.204129853615928,0.153660867112315,0.146771328554705,0.140434336123417,0.153204102297844,0.179091658053349,0.017346609516042,-0.0402339262886575,0.321783012532721,0.353250975156824,0.0112244664279525,0.0853437489902039,0.0846140590349488,-0.303185333277311,0,0,0,0,0,0,0,0,0,0,0,0,0,0,0,0,0,0,0,0,0,0,0,0,0,0,0,0,0,0,0,0,0,0,0,0,0,0,0,0,0,0,0,0,0,0,0,0,0,0,0,0,0,0,0,0,0,0,0,0,0,0,0,0,0,0,0,0,0,0,0,0,0,0,0,0,0,0,0,0,0,0,0,0,0,0,0,0,0,0,0,0,0,0,0,0,0
0,0,0,0,0,0,0,0,0,0,0,0,0,0,0,0,0.0395794457101832,0.105003614589486,0.00800167463560253,0.216828453328179,0.11845986651665,0.0486781486634264,0.115069869652535,0.0722094615122322,0.0701128720885854,0.48008130174164,0.226014866184075,0.38474571820384,0.959521287147003,-0.289392896845325,0,0,0,0,0,0,0,0,0,0,0,0,0,0,0,0,0,0,0,0,0,0,0,0,0,0,0,0,0,0,0,0,0,0,0,0,0,0,0,0,0,0,0,0,0,0,0,0,0,0,0,0,0,0,0,0,0,0,0,0,0,0,0,0,0,0,0,0,0,0,0,0,0,0,0,0,0,0,0,0,0,0,0,0,0,0,0,0,0,0,0,0,0,0,0,0,0
0,0,0,0,0,0,0,0,0,0,0,0,0,0,0,0,0.21458616372734,0.10022944947376,0.19307818322959,0.404747223607053,0.0995522548922371,0.23690331027125,0.263568226871765,0.124043051867062,0.29237768121294,0.157489588024707,0.300840003240439,-0.0542976990113108,-0.100264946214703,-0.275974532204378,0,0,0,0,0,0,0,0,0,0,0,0,0,0,0,0,0,0,0,0,0,0,0,0,0,0,0,0,0,0,0,0,0,0,0,0,0,0,0,0,0,0,0,0,0,0,0,0,0,0,0,0,0,0,0,0,0,0,0,0,0,0,0,0,0,0,0,0,0,0,0,0,0,0,0,0,0,0,0,0,0,0,0,0,0,0,0,0,0,0,0,0,0,0,0,0,0
0,0,0,0,0,0,0,0,0,0,0,0,0,0,0,0,0.113741907930044,0.300289111740956,-0.0161009753015491,0.317583006858807,0.195787480291285,0.274089559877534,0.0248838718279077,0.264345393612835,0.0103953781127746,0.354642154786977,0.198682216379359,0.212430062783225,0.274963251325801,-0.262920093960251,0,0,0,0,0,0,0,0,0,0,0,0,0,0,0,0,0,0,0,0,0,0,0,0,0,0,0,0,0,0,0,0,0,0,0,0,0,0,0,0,0,0,0,0,0,0,0,0,0,0,0,0,0,0,0,0,0,0,0,0,0,0,0,0,0,0,0,0,0,0,0,0,0,0,0,0,0,0,0,0,0,0,0,0,0,0,0,0,0,0,0,0,0,0,0,0,0
0,0,0,0,0,0,0,0,0,0,0,0,0,0,0,0,0.0115565106242833,0.0033451309625504,0.196149829057461,-0.0157004624530754,0.079567901695102,0.00253681945851802,0.0188702856920179,0.155390199119035,0.162544955039289,0.057265888029878,0.276275428412393,0.20748306305522,0.246228481949784,-0.250219711877199,0,0,0,0,0,0,0,0,0,0,0,0,0,0,0,0,0,0,0,0,0,0,0,0,0,0,0,0,0,0,0,0,0,0,0,0,0,0,0,0,0,0,0,0,0,0,0,0,0,0,0,0,0,0,0,0,0,0,0,0,0,0,0,0,0,0,0,0,0,0,0,0,0,0,0,0,0,0,0,0,0,0,0,0,0,0,0,0,0,0,0,0,0,0,0,0,0
0,0,0,0,0,0,0,0,0,0,0,0,0,0,0,0,0.149178485378394,0.133997174452931,0.10861083221127,0.192609565083104,0.409366074651485,0.260613189227873,0.323728968012461,0.0365243714712966,0.0496099687793629,0.195315202207327,0.0894170691144976,0.0646478154996216,0.0521457988365931,10.6069333509842,0,0,0,0,0,0,0,0,0,0,0,0,0,0,0,0,0,0,0,0,0,0,0,0,0,0,0,0,0,0,0,0,0,0,0,0,0,0,0,0,0,0,0,0,0,0,0,0,0,0,0,0,0,0,0,0,0,0,0,0,0,0,0,0,0,0,0,0,0,0,0,0,0,0,0,0,0,0,0,0,0,0,0,0,0,0,0,0,0,0,0,0,0,0,0,0,0
0,0,0,0,0,0,0,0,0,0,0,0,0,0,0,0,0.173872971596345,0.0770490257032682,0.191752738429722,0.12732598850489,0.166770030257692,0.0534114371377619,0.00373082785417575,0.190864152956375,0.216495452962851,0.191639433470654,-0.0829736649077974,0.0938890880294327,-0.225842966469837,-0.225842966469837,0,0,0,0,0,0,0,0,0,0,0,0,0,0,0,0,0,0,0,0,0,0,0,0,0,0,0,0,0,0,0,0,0,0,0,0,0,0,0,0,0,0,0,0,0,0,0,0,0,0,0,0,0,0,0,0,0,0,0,0,0,0,0,0,0,0,0,0,0,0,0,0,0,0,0,0,0,0,0,0,0,0,0,0,0,0,0,0,0,0,0,0,0,0,0,0,0
0,0,0,0,0,0,0,0,0,0,0,0,0,0,0,0,0.236398402430366,0.165009278852674,0.0345986596469554,0.320311350251288,0.586731398224996,0.315165708244867,0.244297079496016,0.228675288522772,0.268814917748359,-0.0156614913589289,0.161014448625196,0.475983045167458,0.373061097377072,-0.214148172308493,0,0,0,0,0,0,0,0,0,0,0,0,0,0,0,0,0,0,0,0,0,0,0,0,0,0,0,0,0,0,0,0,0,0,0,0,0,0,0,0,0,0,0,0,0,0,0,0,0,0,0,0,0,0,0,0,0,0,0,0,0,0,0,0,0,0,0,0,0,0,0,0,0,0,0,0,0,0,0,0,0,0,0,0,0,0,0,0,0,0,0,0,0,0,0,0,0
0,0,0,0,0,0,0,0,0,0,0,0,0,0,0,0,0.0685105222346533,0.0711773325506121,0.112237196252605,0.269687553482955,0.205484121438288,0.258346569014742,0.11515187060077,0.147459393560075,0.06371092508406,0.264420224869615,0.147442754221803,0.254974956399947,0.100512293827144,-0.202770558698921,0,0,0,0,0,0,0,0,0,0,0,0,0,0,0,0,0,0,0,0,0,0,0,0,0,0,0,0,0,0,0,0,0,0,0,0,0,0,0,0,0,0,0,0,0,0,0,0,0,0,0,0,0,0,0,0,0,0,0,0,0,0,0,0,0,0,0,0,0,0,0,0,0,0,0,0,0,0,0,0,0,0,0,0,0,0,0,0,0,0,0,0,0,0,0,0,0
0,0,0,0,0,0,0,0,0,0,0,0,0,0,0,0,0.114939056670203,0.194112584355714,-0.0216833134448724,0.190748213738372,0.217759200624692,0.138826318410184,0.0829966630529845,0.0600358912424308,0.105512034652057,0.239503422209794,0.129651467069133,0.388329567200261,0.507869838318169,-0.191701523223579,0,0,0,0,0,0,0,0,0,0,0,0,0,0,0,0,0,0,0,0,0,0,0,0,0,0,0,0,0,0,0,0,0,0,0,0,0,0,0,0,0,0,0,0,0,0,0,0,0,0,0,0,0,0,0,0,0,0,0,0,0,0,0,0,0,0,0,0,0,0,0,0,0,0,0,0,0,0,0,0,0,0,0,0,0,0,0,0,0,0,0,0,0,0,0,0,0
0,0,0,0,0,0,0,0,0,0,0,0,0,0,0,0,0.162600409372705,0.116081602324795,-0.00677385831701041,0.0150734752292497,0.256707961578963,0.173408292574849,0.201361133465042,0.191915957017797,0.180196703689686,0.358351419517515,0.157833081608828,0.216832603809338,0.00513063469461716,-0.180932696775538,0,0,0,0,0,0,0,0,0,0,0,0,0,0,0,0,0,0,0,0,0,0,0,0,0,0,0,0,0,0,0,0,0,0,0,0,0,0,0,0,0,0,0,0,0,0,0,0,0,0,0,0,0,0,0,0,0,0,0,0,0,0,0,0,0,0,0,0,0,0,0,0,0,0,0,0,0,0,0,0,0,0,0,0,0,0,0,0,0,0,0,0,0,0,0,0,0
0,0,0,0,0,0,0,0,0,0,0,0,0,0,0,0,0.0968097958523542,-0.0106267627156304,0.0732695046037709,0.374275142291091,0.0458688621462689,0.124405705508783,0.221909965776743,0.167204541431826,0.231112841125181,-0.0806502030731728,0.0160503128204117,0.0234303693200327,0.0213985229668475,-0.170455937230735,0,0,0,0,0,0,0,0,0,0,0,0,0,0,0,0,0,0,0,0,0,0,0,0,0,0,0,0,0,0,0,0,0,0,0,0,0,0,0,0,0,0,0,0,0,0,0,0,0,0,0,0,0,0,0,0,0,0,0,0,0,0,0,0,0,0,0,0,0,0,0,0,0,0,0,0,0,0,0,0,0,0,0,0,0,0,0,0,0,0,0,0,0,0,0,0,0
0,0,0,0,0,0,0,0,0,0,0,0,0,0,0,0,0.0352132086905602,0.185333366635089,-0.052508360180715,0.0270281317732216,0.247068980131673,0.108038805495923,0.00576363648548786,0.0306957993098157,0.18399134453633,0.0996201603001594,0.319124347112909,-0.0621412123852247,0.0594272335042302,-0.160263323291862,0,0,0,0,0,0,0,0,0,0,0,0,0,0,0,0,0,0,0,0,0,0,0,0,0,0,0,0,0,0,0,0,0,0,0,0,0,0,0,0,0,0,0,0,0,0,0,0,0,0,0,0,0,0,0,0,0,0,0,0,0,0,0,0,0,0,0,0,0,0,0,0,0,0,0,0,0,0,0,0,0,0,0,0,0,0,0,0,0,0,0,0,0,0,0,0,0
0,0,0,0,0,0,0,0,0,0,0,0,0,0,0,0,0.254970078546491,0.326458083288738,0.0794617367248077,0.29677132340477,0.13348194498322,0.467801216602027,0.107646638424595,0.169667332217722,0.312831936715055,0.220052949832984,0.39446063066235,0.0168454165710545,0.0833317107139204,-0.150347148499204,0,0,0,0,0,0,0,0,0,0,0,0,0,0,0,0,0,0,0,0,0,0,0,0,0,0,0,0,0,0,0,0,0,0,0,0,0,0,0,0,0,0,0,0,0,0,0,0,0,0,0,0,0,0,0,0,0,0,0,0,0,0,0,0,0,0,0,0,0,0,0,0,0,0,0,0,0,0,0,0,0,0,0,0,0,0,0,0,0,0,0,0,0,0,0,0,0
0,0,0,0,0,0,0,0,0,0,0,0,0,0,0,0,0.261965750251505,0.337854009837823,0.0962432420753118,-0.0587280132902259,0.104445112050163,0.0517685776315788,0.00171203391965097,0.260210269653031,0.157127722309968,-0.14069991540392,0.298314519410533,-0.0323363648674337,-0.14069991540392,-0.14069991540392,0,0,0,0,0,0,0,0,0,0,0,0,0,0,0,0,0,0,0,0,0,0,0,0,0,0,0,0,0,0,0,0,0,0,0,0,0,0,0,0,0,0,0,0,0,0,0,0,0,0,0,0,0,0,0,0,0,0,0,0,0,0,0,0,0,0,0,0,0,0,0,0,0,0,0,0,0,0,0,0,0,0,0,0,0,0,0,0,0,0,0,0,0,0,0,0,0
0,0,0,0,0,0,0,0,0,0,0,0,0,0,0,0,0.204609739844159,0.0914165663832918,0.0755173757912823,0.0979889630923492,0.19439544948442,0.0267142262829692,0.301997777116187,0.0676688756085274,0.242412065298925,0.0768191982663761,-0.000267171885145356,0.12662973823083,0.450708064553424,-0.131314329899352,0,0,0,0,0,0,0,0,0,0,0,0,0,0,0,0,0,0,0,0,0,0,0,0,0,0,0,0,0,0,0,0,0,0,0,0,0,0,0,0,0,0,0,0,0,0,0,0,0,0,0,0,0,0,0,0,0,0,0,0,0,0,0,0,0,0,0,0,0,0,0,0,0,0,0,0,0,0,0,0,0,0,0,0,0,0,0,0,0,0,0,0,0,0,0,0,0
